Actual Sales,Predicted Sales,Difference
563.808,493.3530860030796,70.45491399692037
36.672,-26.426422163495772,63.09842216349577
37.3,-22.157944323627135,59.45794432362713
212.058,218.56853478537687,-6.510534785376876
171.288,165.88302570120982,5.404974298790194
99.136,111.51821841878927,-12.382218418789279
340.182,347.81480679807646,-7.6328067980764445
17.38,-76.35148089002246,93.73148089002245
22.62,-21.988426139404964,44.60842613940497
71.632,420.2489301302014,-348.6169301302014
10.476,199.07268733327578,-188.59668733327578
76.92,81.44879964579172,-4.528799645791722
20.86,198.06932459448467,-177.20932459448466
431.976,441.8632996634035,-9.887299663403496
307.98,461.6938527608893,-153.71385276088927
121.792,129.39258614603614,-7.600586146036136
61.96,22.350625116460606,39.609374883539395
8.8,75.29871717950937,-66.49871717950937
4.536,211.03322864128177,-206.49722864128177
12.864,294.5574489678977,-281.6934489678977
1123.92,764.9850542886891,358.934945711311
30.36,94.96857048739435,-64.60857048739435
91.59,72.92040472276835,18.66959527723165
41.96,-9.903452252056923,51.86345225205692
30.56,-35.73449766493832,66.29449766493832
27.992,-32.73743176199946,60.729431761999464
60.12,305.26740594177204,-245.14740594177204
25.344,35.12124133558382,-9.777241335583817
15.96,-68.25032898914492,84.21032898914493
179.97,194.93592977576554,-14.965929775765545
756.8,617.6016826524317,139.19831734756826
44.856,159.33175535819646,-114.47575535819647
89.98,71.01430247963822,18.965697520361786
12.99,-81.11552736351359,94.10552736351359
7.92,83.37773076035387,-75.45773076035387
17.94,-9.834461162989783,27.774461162989784
1097.544,749.8455984663105,347.69840153368955
122.136,107.8908267359775,14.245173264022498
393.568,342.67860360638815,50.88939639361183
56.784,177.85862538363767,-121.07462538363768
23.832,3.5649702630403226,20.267029736959678
17.48,90.63162980658444,-73.15162980658444
55.92,118.71305827602373,-62.79305827602373
479.97,557.6879496156977,-77.71794961569765
88.832,103.6329871102871,-14.80098711028711
3.62,-90.71105517143292,94.33105517143292
20.7,-71.71034443367898,92.41034443367899
8.56,-79.72239314630906,88.28239314630906
1294.75,1065.7398215815447,229.01017841845533
11.76,27.464722709049283,-15.704722709049284
4548.81,2810.096946332493,1738.7130536675072
31.248,184.40372486496994,-153.15572486496995
138.0,159.39032646274063,-21.39032646274063
971.5,805.3765486759439,166.12345132405608
19.05,-18.186302072364242,37.23630207236424
13.52,-65.50145576858449,79.02145576858449
259.98,374.42834534468375,-114.44834534468373
61.96,5.891708049678073,56.06829195032193
555.21,509.9945069182945,45.21549308170552
10.584,-24.725283152669817,35.30928315266982
17.12,25.80383359914731,-8.68383359914731
23.85,89.79051388231142,-65.94051388231142
26.032,-46.16348786948765,72.19548786948765
32.064,136.39363008952137,-104.32963008952137
47.94,26.279331176868936,21.66066882313106
154.9,183.99176467429243,-29.09176467429242
9.344,-73.84498396665003,83.18898396665003
14.13,-10.57206207741001,24.702062077410012
207.846,205.8940357439426,1.9519642560574084
90.48,63.3839548422186,27.096045157781404
2.724,-5.651113880726825,8.375113880726825
523.26,526.2456634362662,-2.985663436266236
72.6,131.89602913814065,-59.29602913814065
8.56,-74.04465029930861,82.60465029930862
3.76,-94.68015950257677,98.44015950257678
595.38,551.3912948166998,43.988705183300226
1669.6,1476.0791665920672,193.52083340793274
13.776,196.84295238135746,-183.06695238135745
22.72,27.926570589135736,-5.206570589135737
483.136,439.26801752148026,43.867982478519764
124.792,291.350622815713,-166.558622815713
367.96,334.4562950067095,33.503704993290455
6.48,-119.71812440776489,126.1981244077649
61.44,28.80497714564831,32.63502285435169
49.568,-15.538423645598868,65.10642364559887
604.768,557.5029219139853,47.26507808601468
659.168,591.1375122854041,68.03048771459589
233.058,235.1686215503746,-2.110621550374617
227.976,240.36377921676535,-12.387779216765352
603.92,500.3366773945911,103.58332260540885
2244.48,1437.1675485064586,807.3124514935414
65.17,199.12601627773802,-133.956016277738
38.88,152.4733927806558,-113.59339278065579
12.39,-35.44179993310536,47.83179993310536
20.736,31.508782535321643,-10.772782535321642
12.84,-24.511741552141984,37.35174155214199
221.55,224.68549567115747,-3.1354956711574573
90.882,176.25621550056144,-85.37421550056143
81.92,85.65085328175087,-3.7308532817508677
449.1,303.72650686491966,145.37349313508037
67.9932,109.90802415621397,-41.91482415621397
29.808,-31.80243281720732,61.61043281720732
48.712,33.436708024240716,15.275291975759288
2567.84,1589.9714974148856,977.8685025851146
2573.82,1506.174657930574,1067.645342069426
470.376,511.8099039770068,-41.43390397700682
194.848,198.37900364509073,-3.5310036450907205
60.312,41.27943873124468,19.032561268755316
15.232,-90.82574922673507,106.05774922673507
14.94,-37.58996016896435,52.52996016896435
26.8,-43.1061345821322,69.9061345821322
144.12,138.96853185618602,5.151468143813986
7.52,48.57942189499863,-41.059421894998636
231.92,232.61004450492737,-0.6900445049273856
89.97,69.22075970882861,20.74924029117139
8.448,-84.23473518786977,92.68273518786978
863.928,636.5480950487522,227.3799049512478
77.728,57.90873270576594,19.819267294234052
139.93,252.75891933932985,-112.82891933932984
25.344,138.80002736189135,-113.45602736189136
7.24,83.90394146011317,-76.66394146011318
23.84,242.84241731310726,-219.00241731310726
105.584,95.44488476781157,10.13911523218843
310.12,456.54695179678765,-146.42695179678765
7.98,-122.1189719518793,130.0989719518793
411.332,371.71962253243737,39.612377467562624
630.024,495.7747226524091,134.24927734759092
36.624,-10.751245347289114,47.375245347289116
204.95,232.37364331729736,-27.423643317297376
10.56,-68.96984825389245,79.52984825389245
589.9,960.6826514553576,-370.7826514553576
96.53,227.63519494399225,-131.10519494399225
97.98,88.60725300628678,9.372746993713221
7.78,-75.13445453436248,82.91445453436248
5.248,-58.84807299018348,64.09607299018349
47.04,11.374304086069287,35.66569591393071
3347.37,1585.1330562106598,1762.23694378934
34.504,-6.916512471301303,41.4205124713013
15.76,-51.26640946169232,67.02640946169232
13.92,-16.446284696508656,30.366284696508657
33.8,95.37861691266426,-61.57861691266426
333.576,348.14644034143635,-14.570440341436324
265.86,326.1683419669296,-60.30834196692956
43.57,14.835369150039242,28.73463084996076
232.55,236.32945879575368,-3.779458795753669
124.2,112.57983306965389,11.620166930346116
10.384,-58.96103666836348,69.34503666836348
465.16,740.5158264752747,-275.3558264752747
29.472,-9.754872642149621,39.22687264214962
71.96,133.3040617787799,-61.3440617787799
1071.576,757.1181267313679,314.45787326863217
285.48,268.2712583212042,17.208741678795832
86.304,187.02914280947107,-100.72514280947107
11.088,210.5158784320447,-199.4278784320447
29.79,-3.582697191978923,33.37269719197892
124.2,120.9531068939641,3.2468931060358983
58.58,12.55146090613016,46.02853909386984
12.18,184.47930993868044,-172.29930993868044
16.896,36.913463066433906,-20.017463066433905
859.2,691.1072404980479,168.09275950195217
74.112,269.8097342967153,-195.6977342967153
29.34,-45.44108149422118,74.78108149422118
49.848,21.666783126373275,28.181216873626724
86.352,75.85252750759992,10.499472492400088
4158.912,2096.9131477742017,2061.9988522257986
6.464,-84.20821057425042,90.67221057425041
8.226,10.484834347145352,-2.258834347145351
64.864,85.25240850000637,-20.388408500006364
74.0,111.66234131162378,-37.66234131162378
520.464,783.3500345266444,-262.8860345266444
1.744,-121.95895337922457,123.70295337922457
9.84,-82.37458191661995,92.21458191661995
123.256,252.2766183727274,-129.0206183727274
200.795,542.2351519711156,-341.4401519711156
88.752,71.46952845944838,17.28247154055161
22.24,-44.927294512196795,67.16729451219679
79.36,88.24638637903399,-8.886386379033993
5.248,-70.2420565452012,75.4900565452012
32.432,-37.848407148401066,70.28040714840107
3.318,-33.96667583598446,37.28467583598446
194.352,186.88539476319056,7.466605236809443
10.272,-16.66081604177566,26.93281604177566
11.36,16.19164314283239,-4.831643142832391
7.04,14.588009092063658,-7.5480090920636576
479.984,737.3964833861615,-257.41248338616157
15.552,-17.365133597581917,32.917133597581916
19.76,26.421597999741834,-6.661597999741833
16.821,22.33699629905118,-5.515996299051178
129.3,142.74908916545292,-13.449089165452904
590.058,239.07214720813863,350.98585279186136
29.372,247.23911794013588,-217.86711794013587
61.02,28.25682642359311,32.76317357640689
66.03,52.49701948404959,13.532980515950413
12.48,-81.94877589353223,94.42877589353223
20.808,-22.54607059650698,43.35407059650698
102.3,380.1454731115416,-277.8454731115416
150.408,337.6255708085546,-187.2175708085546
283.92,273.4707790792163,10.449220920783716
485.94,711.2848637197967,-225.3448637197967
1.64,-139.11789542783094,140.75789542783093
2803.92,1960.0397010527558,843.8802989472442
128.058,111.39589289621495,16.662107103785047
116.76,263.25893492556656,-146.49893492556657
6.08,-71.575170729722,77.655170729722
159.98,204.62566978134373,-44.64566978134374
64.96,26.81245832684317,38.14754167315682
470.302,373.6379333305754,96.66406666942464
167.86,218.1879553879587,-50.327955387958696
61.4,116.20655155524287,-54.80655155524287
79.14,58.40852965001045,20.73147034998955
665.88,533.5266551112062,132.3533448887938
95.68,267.9691823797525,-172.2891823797525
1088.792,341.1231383749864,747.6688616250135
16.56,-61.073737933147186,77.63373793314719
104.97,87.43056694593565,17.539433054064347
62.18,71.81167521387897,-9.631675213878971
2249.91,1302.2336696721202,947.6763303278797
209.7,296.21499453897263,-86.51499453897264
6.16,-87.25436585267335,93.41436585267334
22.96,190.54551727898843,-167.58551727898842
773.94,630.6233815661967,143.31661843380334
15.528,-31.413649677149124,46.94164967714912
556.665,453.19810444253585,103.46689555746411
7.04,-82.41233716188685,89.45233716188686
10.272,-11.053993650683879,21.325993650683877
23.992,39.86871658876089,-15.876716588760889
39.264,8.402442425236586,30.861557574763417
357.93,382.3159339948279,-24.385933994827894
5.304,-25.163104487362034,30.467104487362036
48.81,13.584850163281544,35.22514983671846
16.496,-51.09752351041311,67.5935235104131
37.2,86.64830650349427,-49.448306503494265
33.36,47.371633017579825,-14.011633017579825
31.104,127.66103995652406,-96.55703995652406
225.576,226.02359085573107,-0.4475908557310788
16.74,-38.50480112488526,55.24480112488526
122.97,124.88630684658187,-1.9163068465818753
466.32,510.4404561807644,-44.12045618076439
386.34,577.5898622097124,-191.24986220971238
572.8,896.7411960129739,-323.94119601297393
161.568,186.96412513719565,-25.39612513719564
9.912,-16.99984355161314,26.91184355161314
9.552,-30.478199556339632,40.03019955633963
37.312,60.95479226179532,-23.64279226179532
12.96,-73.3186949185042,86.27869491850421
21.72,32.81327480000459,-11.093274800004593
116.832,125.44048363346269,-8.608483633462697
241.96,329.3470462445623,-87.3870462445623
8.69,145.92028573304356,-137.23028573304356
15.984,-69.39446211644281,85.3784621164428
20.62,-51.14810715913677,71.76810715913678
6.68,-79.89145488798795,86.57145488798795
22.5,135.88622325132337,-113.38622325132337
41.4,47.806093043634746,-6.406093043634748
4.836,36.485320361860204,-31.649320361860205
13.272,269.04228312434384,-255.77028312434385
399.95,382.4443823435695,17.505617656430502
142.8,355.70608393408975,-212.90608393408974
12.536,-101.15192328839203,113.68792328839203
19.44,-8.296967479203886,27.736967479203887
772.68,714.0071987101974,58.67280128980258
3.424,-121.33033383691077,124.75433383691077
31.008,-41.610786175074736,72.61878617507473
2.624,-130.27618956419383,132.90018956419382
39.92,93.3441697353669,-53.4241697353669
49.632,68.85667184802378,-19.22467184802378
99.28,88.92954382782978,10.350456172170226
1126.02,1255.4208849396637,-129.40088493966368
5.344,47.43282180036408,-42.08882180036408
6.316,-45.75657052423708,52.07257052423708
143.952,149.94039145862325,-5.988391458623255
801.6,478.78880103905976,322.81119896094026
199.96,196.34981612869115,3.6101838713088625
7.98,-34.0158364487404,41.995836448740405
17.34,-27.29723103286642,44.637231032866424
646.74,563.3564682497479,83.38353175025213
41.86,200.81011622378173,-158.95011622378172
47.984,-15.301385905672987,63.28538590567299
158.368,262.0204687678163,-103.65246876781629
11.96,-73.03166794880326,84.99166794880327
50.12,206.58648279420868,-156.46648279420867
29.46,141.19343387615686,-111.73343387615685
249.95,250.62670225014813,-0.6767022501481392
191.96,259.99046884942663,-68.03046884942663
18.264,-28.324560735576824,46.58856073557682
23.952,-43.64721741208746,67.59921741208746
11.808,271.440026025364,-259.632026025364
496.86,434.8304695102456,62.02953048975439
359.98,546.0375988048175,-186.05759880481753
50.94,14.336578255249378,36.60342174475062
619.95,524.9174252921503,95.03257470784979
318.08,306.9913456844374,11.088654315562565
279.96,282.76856158716555,-2.8085615871655705
31.44,7.09813963238571,24.34186036761429
362.92,557.3880857049284,-194.46808570492834
167.968,178.53187286616526,-10.56387286616527
10.608,134.22882488700157,-123.62082488700156
480.96,434.77581905969055,46.18418094030943
4.768,-70.75922526803765,75.52722526803765
2.78,-135.72394936988462,138.50394936988462
10.56,-78.91698977122633,89.47698977122633
3.304,-127.1519605636413,130.4559605636413
10.272,-53.471354081354775,63.743354081354774
20.16,177.28339451829493,-157.12339451829493
17.616,74.02767904349616,-56.411679043496164
974.988,823.7801764119718,151.2078235880283
16.0,30.342795235602807,-14.342795235602807
705.544,546.5816426503587,158.96235734964125
8.72,72.3392350175236,-63.61923501752361
95.92,271.43420376200015,-175.51420376200014
18.84,-17.078821268192314,35.91882126819232
87.92,94.48871081405218,-6.5687108140521815
5.76,-90.97588610057937,96.73588610057938
11.68,-60.67481630840439,72.3548163084044
40.88,190.45079835982028,-149.5707983598203
12.032,194.44918679767147,-182.41718679767146
345.0,335.6151966742941,9.384803325705889
109.92,105.6553358819101,4.264664118089897
7.712,-76.48336294362275,84.19536294362275
4.896,-33.340950932604756,38.236950932604756
25.98,-48.603028661672624,74.58302866167263
52.272,400.2438421036795,-347.97184210367953
12.84,-20.31553392803903,33.155533928039034
33.04,247.79948821473454,-214.75948821473455
141.96,159.35017127490096,-17.39017127490095
333.999,350.8949921298861,-16.895992129886054
122.382,120.03645895023965,2.3455410497603566
45.528,23.040382908544643,22.487617091455355
123.088,255.11640964796243,-132.02840964796243
5.48,-83.06455335003398,88.54455335003398
58.08,77.54309113379509,-19.46309113379509
572.58,472.5557587371379,100.02424126286212
0.984,-16.87477803131287,17.858778031312873
20.97,-8.028393917904168,28.998393917904167
36.4,93.77242583231327,-57.372425832313276
44.4,10.950230480163555,33.449769519836444
16.56,29.818439943073827,-13.258439943073828
348.84,446.3333660931273,-97.49336609312735
192.16,216.8469322612525,-24.686932261252508
102.93,86.08442253849967,16.84557746150034
1.584,-80.04758264812062,81.63158264812063
9.328,-92.89178999798992,102.21978999798992
226.2,246.41621847924557,-20.216218479245583
16.38,290.19224234694093,-273.81224234694093
46.2,67.24227390053261,-21.042273900532606
39.92,52.195021561974045,-12.275021561974043
5.56,-68.8269714668811,74.3869714668811
12.144,-23.53210723252073,35.67610723252073
2249.91,1311.9376790008505,937.9723209991494
13.11,-17.044793974955837,30.154793974955837
523.48,508.56773389764714,14.912266102352874
7.3,-70.94904835362217,78.24904835362217
156.3728,181.66870132954705,-25.295901329547036
105.52,108.27684067915106,-2.7568406791510682
108.784,110.54105019669578,-1.7570501966957721
71.952,172.42891372071108,-100.47691372071108
154.9,186.39819121729533,-31.49819121729533
2399.96,1971.048652274104,428.9113477258961
187.76,204.19011173471904,-16.43011173471905
41.24,99.35351146731819,-58.11351146731818
15.28,-78.7359463086384,94.0159463086384
47.96,106.0715451497681,-58.1115451497681
19.92,30.078722099354763,-10.158722099354762
323.1,481.77972680840674,-158.6797268084067
20.56,-59.94012384230905,80.50012384230905
126.3,115.08671500180435,11.213284998195647
21.12,84.42431575338765,-63.30431575338764
30.44,-40.055601043243996,70.495601043244
5.16,-80.59767887704152,85.75767887704151
43.68,145.71696038432765,-102.03696038432764
15.24,-20.20071759833695,35.44071759833695
389.056,363.82410164520775,25.231898354792236
97.82,79.84259745187046,17.977402548129533
2.97,-112.21195372880015,115.18195372880015
180.98,478.9250043647619,-297.94500436476187
100.0,107.03826283558351,-7.0382628355835095
575.92,906.2724484314697,-330.3524484314697
2.032,-97.33040239953243,99.36240239953243
269.9,263.86622516034345,6.03377483965653
17.94,-15.532720145532721,33.47272014553272
71.984,40.74592175812563,31.238078241874362
154.9,180.15788946585144,-25.257889465851434
26.4,87.25354799827574,-60.85354799827574
27.696,10.590401714574455,17.105598285425547
117.144,320.6349139633928,-203.4909139633928
15.552,-12.133104775954507,27.685104775954507
63.552,39.37019614336714,24.18180385663286
29.95,90.26936125877364,-60.31936125877364
35.04,59.95350165396826,-24.91350165396826
171.96,217.48139020623807,-45.52139020623807
58.248,314.9200776735652,-256.6720776735652
34.248,-0.9355944463036394,35.18359444630364
245.94,294.54643663208685,-48.606436632086854
61.04,70.5892154548826,-9.549215454882606
6.0,-82.58815953265457,88.58815953265457
18.176,-74.74090167518398,92.91690167518398
68.81,157.24620333459188,-88.43620333459188
8.016,-14.156568768474244,22.172568768474243
43.56,24.072253883577332,19.48774611642267
321.568,467.7326953933598,-146.1646953933598
25.92,29.511383989613932,-3.591383989613931
108.72,141.6814123302663,-32.96141233026631
91.96,140.75618204866169,-48.79618204866169
34.08,133.57882319979376,-99.49882319979376
67.8,91.96534558991789,-24.16534558991789
302.94,324.7877596671826,-21.84775966718263
4.896,11.119886080748074,-6.223886080748074
241.568,329.8756739647665,-88.30767396476651
1218.735,869.509560314131,349.2254396858689
197.05,287.7573800693817,-90.70738006938171
349.95,337.261253374342,12.688746625657984
45.248,-5.783435913395806,51.0314359133958
51.8,51.836063684955434,-0.03606368495543677
2519.958,1315.9841992243744,1203.9738007756257
47.984,5.253095645535723,42.73090435446428
5.432,23.297757845668684,-17.865757845668682
140.736,145.78968659869201,-5.053686598692025
34.236,70.96718743282031,-36.73118743282031
140.736,300.0280692519634,-159.29206925196343
31.44,3.747790675837905,27.692209324162096
134.85,117.85897845919203,16.991021540807964
31.128,-2.146270081015473,33.27427008101547
95.2,149.46796373922643,-54.26796373922643
25.472,35.38903074257951,-9.917030742579506
29.6,-47.06389519449408,76.66389519449407
179.9,201.49444762390794,-21.59444762390794
25.584,-41.26199758864891,66.84599758864891
21.93,-9.430745299462842,31.36074529946284
10.78,145.9148417115439,-135.13484171154388
7.36,-84.50113404534136,91.86113404534136
51.84,354.8931241443245,-303.05312414432444
24.1,75.78857195476371,-51.68857195476371
8.784,-124.70994934588794,133.49394934588793
37.32,13.895954052168918,23.424045947831083
40.98,151.5118770494812,-110.53187704948121
286.86,328.51908178541294,-41.65908178541292
881.93,682.6335625488662,199.29643745113378
62.31,35.258661669118055,27.051338330881947
127.104,206.26658646078727,-79.16258646078727
23.67,-4.249024404751935,27.919024404751937
35.97,1.1973177501999999,34.7726822498
161.94,152.29336754864312,9.64663245135688
51.45,18.32766403806204,33.122335961937964
32.4,79.58307613637658,-47.18307613637658
10.688,-66.90597038758892,77.59397038758893
3.564,31.8346810331102,-28.2706810331102
5.58,-29.04293655112042,34.62293655112042
799.92,680.6856701263114,119.23432987368858
4.92,-35.912435540561546,40.83243554056155
10.98,-106.28931476866683,117.26931476866683
11.76,-84.03447261749147,95.79447261749148
35.0,43.69869124524871,-8.69869124524871
1.788,38.694827135590685,-36.90682713559069
21.93,-14.714548246227878,36.64454824622788
35.36,-10.973601959506823,46.33360195950682
219.075,196.6212380127722,22.45376198722778
9.708,7.369999459849396,2.3380005401506043
130.71,109.79370138571312,20.916298614286887
2575.944,1506.5702274634561,1069.3737725365438
98.112,237.2829668269053,-139.1709668269053
14.368,-64.70929042883586,79.07729042883585
3.882,36.35002864902572,-32.46802864902572
39.128,12.559803607376807,26.568196392623193
2735.952,1777.8717376850532,958.080262314947
5.584,-56.30070070202282,61.884700702022826
1.524,-7.588828028603984,9.112828028603985
892.224,1000.0393896816067,-107.81538968160669
2054.272,1180.1669151078481,874.1050848921518
7.56,-32.065883825233186,39.62588382523319
14.07,175.5930485844833,-161.52304858448332
254.352,265.1040804196541,-10.752080419654106
31.86,-36.958074451200446,68.81807445120045
51.016,210.5747456188151,-159.5587456188151
275.058,279.68536955791546,-4.627369557915472
723.92,689.6584361062485,34.261563893751486
38.34,5.590045462926355,32.74995453707365
131.94,121.61798116964542,10.32201883035458
12.832,-71.44227423184543,84.27427423184542
957.5775,601.529407205904,356.04809279409596
31.168,44.911989307990325,-13.743989307990326
542.94,625.419283681997,-82.47928368199689
895.92,777.4184426602898,118.50155733971019
8.856,347.86849546043413,-339.01249546043414
32.48,-31.892060039777334,64.37206003977732
35.4,106.28418904740124,-70.88418904740124
18.496,236.20143538133652,-217.7054353813365
148.02,149.26350561216714,-1.2435056121671266
7.89,-99.93648472351128,107.82648472351129
242.352,252.35191095130563,-9.999910951305623
15.552,-24.185657765809765,39.737657765809764
15.936,36.014503850897654,-20.078503850897654
152.91,151.0234958812457,1.8865041187542886
15.8,28.274952605649105,-12.474952605649104
203.976,197.21033019649508,6.76566980350492
37.408,187.91043015552304,-150.50243015552303
503.96,422.3883556222595,81.57164437774048
116.4,288.95018243984396,-172.55018243984395
20.736,26.03572024216396,-5.299720242163961
12.294,-65.11141983021821,77.40541983021821
226.56,271.67065627032366,-45.11065627032366
268.935,225.71141522515722,43.22358477484278
30.48,-3.713987351556625,34.19398735155663
99.87,74.30613118765996,25.563868812340047
147.184,172.88120451233158,-25.69720451233158
11.52,26.45496869593285,-14.934968695932849
83.36,155.89633136466296,-72.53633136466296
1799.994,2055.509378451317,-255.51537845131702
22.848,30.403770780467994,-7.555770780467995
182.72,326.4342624742485,-143.7142624742485
15.232,34.250861122693095,-19.018861122693096
71.976,51.20204289527783,20.77395710472217
4.36,-92.07286484824749,96.43286484824749
8.856,-24.652402154285937,33.50840215428594
214.7,238.64663786517167,-23.94663786517168
221.024,275.2289434806246,-54.20494348062459
17.12,30.809109458584317,-13.689109458584316
254.24,312.30885300629006,-58.068853006290055
119.04,196.9684321471293,-77.9284321471293
85.056,59.8030777018605,25.252922298139495
40.776,30.57184072449195,10.204159275508054
105.52,157.23333539218856,-51.71333539218857
122.352,110.85974373558429,11.492256264415715
50.0,11.15216802352802,38.84783197647198
19.05,77.79214849823188,-58.742148498231884
220.776,208.00388125331438,12.772118746685635
37.764,166.58626569655598,-128.82226569655597
31.104,135.87333642260865,-104.76933642260865
27.936,42.44936877724058,-14.51336877724058
11.232,267.76919712473796,-256.537197124738
11.84,-104.51384185926986,116.35384185926986
8.67,-34.190999828131226,42.86099982813123
8.62,-113.31269417029148,121.93269417029148
9.24,-32.59745621604134,41.83745621604134
38.6,53.76713100174629,-15.167131001746291
45.36,204.93879806027576,-159.57879806027574
383.64,379.3109626350058,4.3290373649941785
54.528,31.85745639141055,22.670543608589448
43.176,-2.9792749996715884,46.15527499967159
319.984,484.72364052541,-164.73964052541004
63.68,250.68148352841195,-187.00148352841194
3.52,-80.5977440932354,84.1177440932354
19.98,-86.2596843941335,106.2396843941335
440.91,489.99330249278955,-49.08330249278953
727.296,497.85718966525474,229.4388103347453
10.56,-73.64880902975437,84.20880902975438
21.248,35.104396710120454,-13.856396710120453
7.31,-127.38675760954993,134.69675760954993
29.8,95.68940919031388,-65.88940919031388
21.12,36.037432928606904,-14.917432928606903
88.04,123.19452807430343,-35.15452807430343
431.136,454.8346124996865,-23.698612499686476
129.3,147.32944554208598,-18.029445542085966
3.76,-93.91404515062254,97.67404515062255
17.34,-16.439359149416305,33.77935914941631
6.48,-119.39529695885722,125.87529695885722
1679.96,1245.0190257874715,434.94097421252854
7.27,-119.21831102623878,126.48831102623878
12.96,-87.43408059193666,100.39408059193667
25.92,36.5138463798196,-10.593846379819595
106.32,73.03906275961481,33.280937240385185
194.32,207.06024329829324,-12.740243298293251
1297.368,802.490446845223,494.87755315477693
12.224,-70.22988691920955,82.45388691920955
65.79,308.97051228078817,-243.18051228078815
219.84,242.33790161889738,-22.497901618897373
63.936,273.329166460481,-209.393166460481
839.43,990.8943452430992,-151.46434524309927
20.736,32.66850135034747,-11.932501350347469
39.296,59.83904069561254,-20.54304069561254
2.304,-129.16707564162266,131.47107564162266
10.688,-84.85907155891664,95.54707155891664
528.43,426.7634334873351,101.66656651266487
468.9,454.28763047201755,14.612369527982423
11.264,245.25868133253744,-233.99468133253743
1.44,-157.85261612778072,159.29261612778072
53.2,115.1629323209736,-61.96293232097359
9.48,-110.28336318524634,119.76336318524635
5.5,-114.78140716790585,120.28140716790585
17.856,43.863596882831416,-26.007596882831415
22638.48,12172.003004909157,10466.476995090843
797.944,677.2365262754084,120.70747372459152
79.4,135.2522963112101,-55.8522963112101
12.96,-74.13749086957478,87.09749086957478
171.04,170.30005823946362,0.7399417605363681
147.568,164.8128313785685,-17.244831378568477
150.384,175.35691998094285,-24.972919980942862
7.104,-118.67809454927692,125.78209454927692
5.193,-3.282620676853867,8.475620676853866
74.352,54.459886790291876,19.89211320970813
70.368,41.270931811811124,29.09706818818887
9.088,21.571605105630397,-12.483605105630398
2793.528,1674.6411687286427,1118.886831271357
26.72,-54.15397810469722,80.87397810469722
58.48,245.87668444546603,-187.39668444546604
261.96,372.7677173926902,-110.80771739269022
203.92,215.28546934253836,-11.365469342538375
58.112,20.264539813720376,37.847460186279626
6.79,-126.29939602945728,133.08939602945728
1432.0,1079.7352857434244,352.26471425657564
122.352,104.68073584756712,17.671264152432883
129.93,126.29755007600784,3.6324499239921693
85.246,70.43890396967095,14.807096030329049
747.558,785.332403832791,-37.774403832790995
22.608,21.62848996582329,0.9795100341767089
479.976,568.698973992754,-88.72297399275396
81.96,65.73742880866644,16.222571191333557
517.405,406.00346789219066,111.40153210780932
307.776,358.6636433858107,-50.88764338581069
18.288,132.24519400510098,-113.95719400510099
78.304,40.31251397279539,37.991486027204616
75.0,58.979633528929526,16.020366471070474
173.94,169.75464323175038,4.185356768249619
415.968,394.6392831626058,21.32871683739421
7.92,76.10519148332355,-68.18519148332355
0.836,-70.09770172090748,70.93370172090748
99.54,78.55816149664724,20.981838503352762
1.192,-3.304822755055966,4.496822755055966
47.3,-16.82632066922133,64.12632066922133
3.488,-69.11143325656712,72.59943325656712
11.52,61.17679700051053,-49.65679700051054
33.282,42.36227642971244,-9.080276429712441
9.344,-64.60951284060252,73.95351284060251
20.7,-57.74206058459754,78.44206058459754
74.352,52.16682608112228,22.185173918877723
47.976,31.668416423305416,16.307583576694583
6.56,-77.61407052321329,84.17407052321329
735.98,1266.403297271153,-530.4232972711529
18.92,34.37262399073711,-15.45262399073711
159.98,190.9284999572253,-30.948499957225323
532.72,822.8305975723541,-290.1105975723541
40.74,24.007973861745995,16.732026138254007
81.96,62.43347518574933,19.526524814250664
7.64,-124.34512444700636,131.98512444700634
254.352,272.33778426006984,-17.985784260069835
87.168,70.35692213371976,16.811077866280243
801.568,1268.8736107842576,-467.3056107842576
361.376,534.4702297060261,-173.0942297060261
79.9,45.53738766735296,34.362612332647046
30.144,-33.60722768181745,63.75122768181745
59.94,29.54512231958074,30.394877680419256
14.78,-68.12504017178571,82.90504017178571
174.95,199.98941773569618,-25.03941773569619
43.28,20.563113677330875,22.716886322669126
124.41,121.81968404528152,2.590315954718477
540.048,568.6076251367309,-28.559625136730915
144.784,345.2435402125352,-200.45954021253522
89.97,58.8445570638612,31.125442936138796
99.136,112.27314249397432,-13.137142493974324
11.52,14.27861138430626,-2.75861138430626
12.192,-19.75158071861938,31.94358071861938
5.46,-22.250387713350847,27.710387713350848
139.92,170.12575638834005,-30.205756388340063
38.88,136.5353060013465,-97.6553060013465
756.8,616.684086550226,140.11591344977398
91.36,99.26384795390982,-7.903847953909818
10.43,257.5881844105065,-247.15818441050652
52.96,13.700793167916572,39.25920683208343
238.896,255.4770022251489,-16.58100222514892
29.9,79.64061630316223,-49.740616303162234
21.88,91.43181700691434,-69.55181700691435
625.99,2037.224724388419,-1411.234724388419
23.16,110.64537687817983,-87.48537687817984
30.672,11.086124595188949,19.585875404811052
279.86,636.4561739332779,-356.5961739332779
7.56,138.73966265430772,-131.17966265430772
10.08,175.2758180447579,-165.19581804475789
8.36,-86.81437181888577,95.17437181888577
2624.985,2596.469905078593,28.515094921407126
47.36,52.369188006038485,-5.009188006038485
7.872,-11.281834607129213,19.153834607129212
74.416,53.99304964404314,20.422950355956857
16.14,-24.133220112896197,40.2732201128962
599.9,598.1932990950892,1.7067009049108037
1499.95,1235.2497830383697,264.7002169616303
63.312,42.1766206882869,21.135379311713095
19.44,-24.52239362098544,43.96239362098544
33.75,83.0946792226066,-49.3446792226066
397.6,366.85224538179887,30.747754618201157
18.504,-21.535695293325716,40.03969529332572
43.92,92.84457686431665,-48.92457686431665
14.94,-22.024213878037926,36.964213878037924
73.98,42.53061893806375,31.44938106193625
8.288,-75.72163460752881,84.00963460752881
17.024,-46.21035705417535,63.23435705417535
81.088,229.86909224897977,-148.78109224897977
73.536,86.83558401090886,-13.299584010908859
30.53,-45.299074252051014,75.82907425205102
165.6,157.49349871795494,8.106501282045059
122.97,101.75702033359539,21.212979666404607
22.83,-21.975773963588836,44.805773963588834
177.536,189.6514652748681,-12.115465274868086
38.976,20.143734875887276,18.832265124112723
6.912,-30.59365432290565,37.50565432290565
11.84,39.05787990604381,-27.21787990604381
1403.92,1050.961829485295,352.958170514705
9.32,36.74438841310757,-27.42438841310757
220.704,253.00926265558928,-32.305262655589274
16.52,78.55104980124133,-62.03104980124134
438.336,368.5893147847212,69.74668521527883
29.7,81.09918171774552,-51.39918171774552
4.095,7.5648182288825865,-3.4698182288825867
6.6,-19.660057147765656,26.260057147765657
1088.76,842.0973004116273,246.66269958837267
3499.93,2198.950564912009,1300.9794350879906
273.06,370.4080614331506,-97.34806143315058
35.52,9.318401143274741,26.201598856725262
18.936,-46.036999688793,64.97299968879301
309.456,416.09781143310965,-106.64181143310964
64.96,28.054096024169667,36.90590397583033
12.96,-76.24473737257244,89.20473737257245
190.92,188.30849095184522,2.6115090481547725
51.45,32.941622819095755,18.508377180904247
140.97,133.48127712779228,7.488722872207717
8.832,-11.877059431823,20.709059431823
6.368,-84.94162466484568,91.30962466484567
10.428,64.52098973447733,-54.09298973447733
179.94,185.895988171849,-5.955988171849015
59.96,115.76008986471129,-55.80008986471129
71.98,42.62553347787707,29.354466522122934
37.68,21.867148705452337,15.812851294547663
7.3,-81.38323088234756,88.68323088234756
61.96,21.377833583303982,40.58216641669602
9.656,-106.47060150787684,116.12660150787684
53.568,53.24745932581095,0.3205406741890471
168.624,339.26635327164627,-170.64235327164627
14.48,147.58385487920827,-133.10385487920828
33.02,-27.921990882429782,60.941990882429785
59.7,32.27081832426711,27.42918167573289
643.136,584.6240600764875,58.5119399235125
48.848,2.030989997380857,46.81701000261914
60.72,45.615421502923255,15.104578497076744
41.424,-14.70725810948511,56.13125810948511
256.784,742.8180971862528,-486.0340971862528
5.04,-30.93290663610651,35.97290663610651
41.4,52.223904025525826,-10.823904025525827
271.9,391.6661671884701,-119.76616718847015
38.88,140.5238942547876,-101.6438942547876
18.16,71.52475528390801,-53.36475528390801
122.328,110.28734802855342,12.040651971446579
45.0,17.388992841354366,27.611007158645634
117.96,123.80948827550833,-5.849488275508335
12.96,-83.41425820161749,96.3742582016175
13.208,-103.21008265791102,116.41808265791101
211.04,340.3980138466145,-129.3580138466145
211.168,204.57030827791823,6.597691722081777
75.04,266.43030827878374,-191.39030827878372
172.764,219.3861511455152,-46.622151145515204
6.23,143.61223475288807,-137.38223475288808
348.56,401.92558954484184,-53.36558954484184
772.68,708.1127972875429,64.56720271245706
15.14,-85.3837104295244,100.5237104295244
317.058,328.7087056999278,-11.650705699927812
51.968,3.4614711869483017,48.5065288130517
18.24,-56.291970980217684,74.53197098021768
5.888,-58.21988310871188,64.10788310871189
23.128,203.988120911235,-180.86012091123501
40.08,148.25044005999825,-108.17044005999826
319.968,306.1498305401358,13.818169459864237
1793.98,3228.1246890852576,-1434.1446890852576
1704.89,1170.4381803212648,534.4518196787353
63.84,259.4941863544343,-195.6541863544343
968.744,754.1441968878418,214.59980311215827
141.96,169.0717567030615,-27.111756703061502
51.52,125.84498631716383,-74.32498631716382
10.68,25.216614090067424,-14.536614090067424
40.41,275.64469297029973,-235.23469297029973
32.4,79.5583192773272,-47.1583192773272
32.4,87.32581008261718,-54.92581008261718
64.704,177.21403027835754,-112.51003027835755
7.78,-121.31908828573933,129.09908828573933
359.772,527.1373861642031,-167.36538616420313
46.53,22.87169037702961,23.658309622970393
45.36,187.5279801690035,-142.1679801690035
126.56,132.26352645293036,-5.703526452930362
21.4,77.3837780787319,-55.983778078731895
603.92,591.3895791816877,12.530420818312223
14.72,91.70948988422424,-76.98948988422424
2.96,-52.68442816495849,55.64442816495849
76.58,204.95200443231965,-128.37200443231967
173.656,272.59128482060623,-98.93528482060623
590.352,515.5495272692517,74.80247273074826
24.3,89.05289452888996,-64.75289452888997
298.116,301.52344337946147,-3.4074433794614833
17.088,31.9235002438254,-14.8355002438254
9.98,145.53925498768513,-135.55925498768514
34.74,8.757657590321514,25.982342409678488
19.14,-28.657689649315444,47.797689649315444
539.92,458.2298752143529,81.69012478564707
6.33,147.85984011538017,-141.52984011538015
16.23,-20.24174532456732,36.47174532456732
25.488,-40.44612115950349,65.93412115950349
70.98,113.62643519605444,-42.64643519605444
17.904,53.343350367765424,-35.43935036776543
286.93,344.5409599535649,-57.61095995356487
10.36,-83.37643484073237,93.73643484073237
305.01,418.70706945959387,-113.69706945959388
959.984,1635.117165701031,-675.1331657010309
25.696,-38.33653487687502,64.03253487687502
19.56,35.64129477218762,-16.081294772187622
14.76,-60.2619180755878,75.0219180755878
296.712,606.880203004203,-310.16820300420306
9.96,-79.33050496192891,89.29050496192892
307.314,310.81362615253965,-3.4996261525396335
38.864,131.8936239181578,-93.0296239181578
23.904,127.87157326664942,-103.96757326664942
258.528,351.76750770293484,-93.23950770293482
71.372,45.795748845153184,25.576251154846815
14.016,-15.419081110243496,29.435081110243495
11.952,-27.88675894750918,39.83875894750918
1458.65,1196.8549427125208,261.79505728747927
55.264,4.555630415628912,50.70836958437109
32.13,304.485424762589,-272.355424762589
50.96,195.92804769964073,-144.96804769964072
2.672,-132.59836249135947,135.27036249135946
5.98,-123.37706431788706,129.35706431788705
199.98,272.251835410123,-72.27183541012303
1.8,138.1857924244705,-136.38579242447048
15.42,-77.46141602882517,92.88141602882517
358.2,396.3293713089033,-38.12937130890333
266.352,212.93514511581634,53.416854884183635
17.96,13.413633507504983,4.546366492495018
360.38,549.5245439250399,-189.1445439250399
5.248,12.563375009488482,-7.3153750094884815
1117.92,992.3646487626966,125.55535123730351
302.376,312.15444349638483,-9.778443496384853
1325.76,926.1313629088417,399.62863709115834
79.99,132.7312329072795,-52.741232907279496
34.86,-3.2294918904360657,38.089491890436065
1322.93,941.5635921413723,381.3664078586278
2357.488,1622.769367513144,734.7186324868558
1439.982,1505.331490616646,-65.34949061664611
23.2,-47.14236304381029,70.3423630438103
5.84,-127.14717811063201,132.98717811063202
892.224,995.7391259712958,-103.51512597129579
11.36,-64.90351115255521,76.26351115255521
121.6,131.84638135821342,-10.246381358213426
109.92,98.50593705726965,11.414062942730354
9.84,-32.120032432231255,41.96003243223126
59.48,22.323056958406823,37.15694304159317
9.96,-107.84128531253873,117.80128531253874
981.372,1533.779682491409,-552.407682491409
45.84,243.6178974420909,-197.7778974420909
68.52,48.6624340967262,19.857565903273795
19.312,-47.75383571133443,67.06583571133443
562.2925,381.30706278442517,180.98543721557485
499.584,546.7499979564222,-47.165997956422245
5.94,-17.385452236432002,23.325452236432003
6.03,-37.21653964558709,43.24653964558709
105.584,105.93948563280583,-0.35548563280582357
10.95,-104.96615729625978,115.91615729625978
13.11,-13.710973956966654,26.820973956966654
763.28,589.1294020151728,174.1505979848272
24.0,-37.55998722094637,61.55998722094637
863.128,555.6111915116919,307.51680848830813
10.4,67.67641844666241,-57.27641844666241
241.332,239.43617136580247,1.8958286341975281
43.8,336.8445574929167,-293.0445574929167
19.44,-11.527040075788136,30.967040075788137
82.896,60.540399018402695,22.355600981597306
199.95,220.07973200810284,-20.12973200810285
3.048,-131.2955756799297,134.3435756799297
3357.6,3860.7164713208967,-503.11647132089684
69.008,41.49171603546188,27.51628396453812
38.97,16.728211400989494,22.241788599010505
403.56,399.94308477186314,3.616915228136861
177.48,172.17411270295884,5.305887297041153
718.64,544.5549817264648,174.08501827353518
4.77,-142.9947344661673,147.7647344661673
254.058,270.57971124484493,-16.521711244844937
699.93,575.8211735099611,124.10882649003884
14.89,-80.75636135315153,95.64636135315153
85.52,52.073198974949264,33.44680102505073
563.024,630.4614901129609,-67.43749011296086
18.496,29.16161115724367,-10.66561115724367
23.84,37.88767391433498,-14.047673914334982
5.67,-25.41142829553405,31.081428295534053
428.68,391.08002977348383,37.59997022651618
14.19,-20.076356773133966,34.266356773133964
47.616,23.953327524099905,23.662672475900095
3.96,-64.66141844121216,68.62141844121216
255.984,364.56761322561306,-108.58361322561305
8.78,-113.31549608319892,122.09549608319892
274.2,459.1423627832903,-184.94236278329032
765.625,374.06337938102615,391.56162061897385
177.98,145.9459132743957,32.03408672560428
7.56,140.8125960165803,-133.2525960165803
17.14,-64.45734580406065,81.59734580406065
13.48,-81.90386998811096,95.38386998811096
11.76,-71.54778290797549,83.3077829079755
2799.96,2266.4862477570123,533.4737522429878
15.552,-17.880724154513246,33.432724154513245
383.96,342.1190350732313,41.84096492676866
348.488,379.9710568238802,-31.48305682388019
88.96,279.57468493433066,-190.61468493433068
166.72,206.41791381885105,-39.69791381885105
80.58,173.50614061493002,-92.92614061493002
107.94,94.40354859743911,13.536451402560886
39.96,-22.28257450851538,62.24257450851538
18.528,189.1091208272162,-170.5811208272162
75.18,164.4294511532969,-89.24945115329689
61.4,107.31373428842016,-45.913734288420166
31.08,135.6117179432249,-104.5317179432249
39.96,58.600003022387,-18.640003022387
39.98,-12.825308332874783,52.80530833287478
71.976,50.8877422872788,21.0882577127212
11.36,-63.02872191979213,74.38872191979213
22.911,217.60101624872527,-194.69001624872527
283.14,283.16281242110153,-0.022812421101548352
47.98,8.86192174947405,39.11807825052595
31.776,45.31001889428285,-13.534018894282848
10.496,29.591130368940412,-19.09513036894041
81.98,54.841623848903055,27.13837615109695
12.96,-67.19944930229576,80.15944930229577
25.92,33.56796868397123,-7.647968683971229
13.896,17.335205525723268,-3.439205525723267
108.96,105.55393287084212,3.4060671291578757
6.24,-91.36741409843512,97.60741409843511
10.528,16.054286823779876,-5.526286823779875
25.71,-6.252180166576181,31.962180166576182
106.32,60.42173403393463,45.89826596606537
95.232,175.65762376285534,-80.42562376285534
1684.752,1148.5874455741803,536.1645544258197
29.04,-3.663908061324946,32.703908061324945
629.1,581.0638848826552,48.03611511734482
171.288,162.711594411825,8.576405588175021
9.184,-62.268088447699256,71.45208844769925
3.444,-45.760868600806816,49.20486860080682
20.064,127.64721637517005,-107.58321637517005
27.384,192.69568657140576,-165.31168657140574
3.328,-83.29956072981054,86.62756072981054
59.52,28.455681107369855,31.064318892630148
49.08,27.852357489353835,21.227642510646163
35.91,20.489927961013336,15.42007203898666
369.544,368.3265650204157,1.2174349795842545
217.584,298.8457390159249,-81.26173901592489
10.368,-64.23788988916749,74.60588988916749
142.36,156.83637573080864,-14.476375730808627
383.952,362.3627638715732,21.58923612842682
205.92,192.84527615722027,13.074723842779719
4.448,-91.04528344119421,95.49328344119422
7999.98,5380.172604353294,2619.807395646705
370.62,353.0776408572028,17.54235914279718
23.18,-46.36324472540605,69.54324472540605
51.312,38.59768172132817,12.714318278671826
60.864,73.1422211380675,-12.2782211380675
195.466,242.88552921293763,-47.41952921293762
28.752,0.6562064948377611,28.095793505162238
182.94,191.19116207950628,-8.251162079506287
3991.98,7346.308804365564,-3354.3288043655643
523.25,479.8877700648386,43.362229935161395
127.764,138.90786453436135,-11.143864534361356
13.76,-66.12042822852118,79.88042822852118
183.84,326.2563252053817,-142.4163252053817
104.58,190.09345726752554,-85.51345726752554
1013.832,697.7085243955279,316.1234756044721
99.136,104.76087183801087,-5.6248718380108755
28.35,282.69951388688605,-254.34951388688606
8.448,-75.61451516062607,84.06251516062608
963.136,875.3989293241971,87.7370706758029
310.88,450.895096958325,-140.015096958325
69.93,209.06602354840675,-139.13602354840674
158.928,260.62581068728946,-101.69781068728946
48.576,34.25430321282897,14.321696787171028
147.184,161.63311808511662,-14.449118085116623
117.576,104.4571509219843,13.1188490780157
99.2,154.96203599872024,-55.762035998720236
2.214,3.261768205617045,-1.0477682056170452
282.84,264.6387211723743,18.201278827625686
53.04,26.565519558575943,26.474480441424056
41.4,40.49672997708012,0.9032700229198767
26.7,-47.27582313870107,73.97582313870107
95.94,77.21510329635316,18.724896703646834
8.82,-93.72077989141121,102.5407798914112
43.512,215.3819814727783,-171.8699814727783
96.256,285.84039040121775,-189.58439040121775
50.32,61.23374227687236,-10.913742276872362
332.028,333.3654900373085,-1.3374900373084984
12.96,-89.90717274588224,102.86717274588224
5.607,8.09637640230494,-2.4893764023049405
184.66,279.90562569308463,-95.24562569308463
4.3,-88.0700172908937,92.3700172908937
40.29,6.580058204896659,33.70994179510334
68.46,175.68408850777678,-107.22408850777678
528.43,433.72779248109237,94.70220751890758
158.928,268.7855600789569,-109.85756007895691
56.56,5.777615350221595,50.78238464977841
389.97,437.41664012405386,-47.44664012405383
31.744,-25.66219567021858,57.40619567021858
18.84,100.97125506160046,-82.13125506160046
435.168,373.75173878700934,61.41626121299066
205.176,265.76359365406415,-60.587593654064165
9.024,111.46565338854634,-102.44165338854634
33.82,-23.468205426225495,57.288205426225495
32.67,2.292290587236266,30.377709412763735
4297.644,959.6992272663771,3337.9447727336233
271.984,396.2434738732893,-124.25947387328932
1319.96,1307.466170715558,12.493829284441972
389.97,453.89048683811575,-63.92048683811572
118.25,157.84382075269718,-39.593820752697184
259.896,349.86713549584806,-89.97113549584805
21.552,107.74441241744466,-86.19241241744467
4476.8,3967.6597375655665,509.1402624344337
315.776,384.2196226321005,-68.44362263210047
13.71,113.07734369022114,-99.36734369022113
23.36,-90.0195468186696,113.3795468186696
2549.985,616.6587274071692,1933.326272592831
27.93,1.0882808439080236,26.841719156091976
6.63,-27.702627129662687,34.33262712966269
96.08,78.11448512622724,17.96551487377276
25.08,134.38893478913383,-109.30893478913383
25.92,136.56429117117955,-110.64429117117955
844.116,594.3579028831484,249.75809711685156
57.23,61.73109403773856,-4.501094037738561
85.14,63.49127768757671,21.64872231242329
9.82,-86.63471440319154,96.45471440319153
178.11,187.95273392740387,-9.842733927403856
195.68,194.24697876923938,1.4330212307606303
658.746,757.6843588014418,-98.93835880144184
155.372,185.94276358041225,-30.570763580412233
347.58,367.3651034904865,-19.785103490486506
92.52,175.9194606833255,-83.3994606833255
398.4,369.58740154031693,28.812598459683045
9.728,-60.884761600273805,70.6127616002738
5.232,-118.43018779077852,123.66218779077852
128.34,204.4469213112095,-76.1069213112095
23.136,130.98821616589385,-107.85221616589385
251.006,334.0195066786416,-83.01350667864162
17.46,-60.79383037863204,78.25383037863205
74.95,127.81407259299749,-52.86407259299749
5.08,-122.50381155191076,127.58381155191076
1325.85,1046.851142216321,278.9988577836789
38.29,184.26130131908394,-145.97130131908395
715.2,832.0111123996257,-116.8111123996257
29.46,150.98317795674575,-121.52317795674574
19.3,-53.21008529413757,72.51008529413757
105.584,96.40802880755928,9.175971192440727
36.56,97.89907545437313,-61.33907545437313
569.568,892.9329693152181,-323.3649693152181
222.384,300.8659695704159,-78.48196957041594
236.528,314.5259323140963,-77.99793231409629
5.588,28.283160563486945,-22.695160563486944
25.3,79.80904150547985,-54.50904150547986
1085.42,796.7879448300633,288.63205516993673
6.0,-84.73149100133242,90.73149100133242
20.232,265.6170917601405,-245.3850917601405
31.5,344.5221986021909,-313.0221986021909
1747.25,1485.3077634670078,261.9422365329922
17.28,128.97531017905794,-111.69531017905794
39.072,161.79216047103182,-122.72016047103182
17.94,-19.164100908926684,37.10410090892668
490.32,518.2888797449797,-27.968879744979688
22.74,-20.629750480426083,43.36975048042608
166.84,201.88650481223135,-35.04650481223135
19.68,143.29028257191203,-123.61028257191202
29.76,82.10209627673453,-52.34209627673452
200.064,206.79359196885503,-6.729591968855033
1471.96,1224.0672401326458,247.89275986735424
52.776,30.755342393884575,22.020657606115428
35.88,147.14331401468348,-111.26331401468349
359.88,381.6160018563701,-21.73600185637008
33.28,50.538842362769856,-17.258842362769855
76.12,46.65496669889035,29.465033301109656
387.136,356.6060560942092,30.529943905790844
12.22,-104.80478992849726,117.02478992849726
251.944,321.9068250249409,-69.96282502494088
487.96,778.4807575000272,-290.5207575000272
94.68,319.59141439981454,-224.91141439981453
1706.184,952.5143027909276,753.6696972090724
664.146,532.99674650493,131.14925349506996
4007.84,1678.553703656015,2329.286296343985
19.68,135.61272262389662,-115.93272262389661
2.896,-140.44282868417986,143.33882868417984
53.34,30.254313897265547,23.085686102734456
21.38,144.55882740338984,-123.17882740338985
486.368,445.5176412153744,40.8503587846256
8.56,-79.97536863353457,88.53536863353457
20.368,-71.87774313590648,92.24574313590648
43.13,7.779544296378845,35.35045570362116
1016.792,3403.897943586261,-2387.105943586261
86.97,77.52900327351199,9.44099672648801
915.136,825.2818699824804,89.85413001751954
35.98,-19.30647849507318,55.286478495073176
6.7,-115.93582029026993,122.63582029026993
88.074,229.83957508114213,-141.76557508114212
40.7,103.48109107171672,-62.781091071716716
49.5,99.07865262954692,-49.57865262954692
3.008,-74.96010967296797,77.96810967296797
67.84,175.209899781187,-107.369899781187
152.991,139.3278894033117,13.663110596688313
109.8,339.55417017089076,-229.75417017089075
35.88,132.30413860711747,-96.42413860711747
5.936,236.67597945356715,-230.73997945356714
22.72,33.492665704268575,-10.772665704268576
6.48,-122.57833879557097,129.05833879557096
10.9,69.70953483126573,-58.80953483126573
146.45,176.3716993473363,-29.9216993473363
450.0,426.09293439910243,23.907065600897567
213.216,210.42033159322864,2.7956684067713695
481.32,461.60934524438585,19.710654755614144
31.68,54.33395953186073,-22.65395953186073
323.37,366.21025373989573,-42.84025373989573
65.94,59.93807083934553,6.00192916065447
32.4,93.25444656131617,-60.85444656131617
12.672,-20.669967454263997,33.341967454263994
90.8,271.6123409507668,-180.81234095076678
118.25,166.52634489605975,-48.276344896059754
25.35,4.329403563998312,21.02059643600169
39.96,-10.231882508270246,50.19188250827025
815.292,490.8813412762182,324.4106587237818
60.416,32.85625587845607,27.55974412154393
87.36,174.6162916260364,-87.2562916260364
287.91,313.54373254204665,-25.63373254204663
63.9,112.48560080913967,-48.58560080913967
479.95,427.57426039216716,52.37573960783283
25.92,289.08410419993083,-263.1641041999308
13.984,-69.76505299937548,83.74905299937548
42.6,11.462064316078113,31.13793568392189
69.456,31.842872761523495,37.61312723847651
57.75,123.025498250694,-65.275498250694
160.776,154.22977184951878,6.546228150481227
230.28,241.61041107043798,-11.330411070437975
53.088,252.4205198128243,-199.3325198128243
83.984,59.6243869736079,24.359613026392097
5.184,-40.5547332335193,45.7387332335193
4.896,1.8274774817509751,3.0685225182490248
39.68,-24.846220900366006,64.52622090036601
849.95,771.4497919401658,78.50020805983422
1247.64,1493.6818074725797,-246.04180747257965
87.168,75.60376963828321,11.564230361716795
132.224,138.75876791678888,-6.534767916788894
58.34,3.6816496511260084,54.658350348873995
518.272,422.36570295776846,95.90629704223159
8.28,-71.95142111350447,80.23142111350447
13.872,128.1030422464721,-114.23104224647211
46.672,-20.739967019891083,67.41196701989108
4.464,-123.89440938444409,128.3584093844441
34.5,-5.299749089705529,39.79974908970553
156.512,154.46685047577535,2.045149524224655
73.176,205.66515031882386,-132.48915031882387
18.0,-81.90521884751865,99.90521884751865
217.44,274.38991808946525,-56.94991808946526
51.75,33.83210948804026,17.91789051195974
544.38,619.0217489169239,-74.64174891692392
76.864,39.372313338495815,37.49168666150419
41.37,15.283341623294518,26.08665837670548
479.952,417.7950572469481,62.15694275305191
26.046,55.36860791004665,-29.32260791004665
21.98,192.89806570142218,-170.9180657014222
13.216,33.85940687645507,-20.643406876455067
45.696,23.83984097968664,21.856159020313356
44.416,4.417642357816703,39.998357642183294
505.32,546.7545701702807,-41.434570170280665
12.462,35.71313380561264,-23.251133805612643
1.728,-144.66152302894102,146.38952302894103
796.425,397.89592408281555,398.5290759171844
198.744,192.40325547047678,6.340744529523221
214.95,192.05969551645262,22.890304483547368
5.682,-78.1965667528093,83.8785667528093
105.98,107.19391938326362,-1.2139193832636153
1012.68,1206.7671403559352,-194.08714035593528
10.86,-43.359713604412036,54.219713604412036
12.9,-74.66132304804069,87.56132304804069
465.16,725.3150409072721,-260.15504090727205
35.89,-8.198117305021697,44.0881173050217
63.92,24.65283680379889,39.26716319620111
21.0,-14.294284015496487,35.29428401549649
217.584,276.25037402123235,-58.66637402123234
1261.33,886.0779590025924,375.25204099740756
409.272,603.7570250608621,-194.48502506086214
24.7,120.13421957114315,-95.43421957114315
15.488,33.23167711441829,-17.74367711441829
14.272,242.25625002010656,-227.98425002010657
54.92,109.68092158845002,-54.76092158845002
34.37,182.0134736746336,-147.64347367463358
181.797,468.48571493051736,-286.68871493051734
158.13,171.39309129992557,-13.263091299925577
25.92,35.19800044790736,-9.27800044790736
254.97,278.3758401739949,-23.405840173994903
50.22,14.588941521824154,35.631058478175845
4.984,-50.861859522983195,55.8458595229832
33.48,-14.568590109600564,48.04859010960056
108.576,92.77558687050873,15.800413129491261
6.48,-128.91950148702676,135.39950148702675
213.48,222.5220050446394,-9.04200504463941
35.34,-26.57726450162795,61.917264501627955
17.456,-63.438848853271566,80.89484885327157
2.907,9.062133881247291,-6.155133881247291
19.44,-27.03121654338088,46.471216543380876
6.672,-118.49801423751342,125.17001423751341
77.952,61.49372378942735,16.45827621057265
11.52,28.09936109250725,-16.579361092507252
6.672,-32.14114534739019,38.81314534739019
762.594,465.5213219873008,297.07267801269927
15.42,-66.50337803383104,81.92337803383104
11.648,-59.02136243469795,70.66936243469794
290.98,878.1367269981796,-587.1567269981796
74.352,55.8948287693911,18.457171230608907
10.368,-60.335344206295304,70.7033442062953
8.72,21.282106724828054,-12.562106724828054
170.88,171.8252982529973,-0.9452982529973042
3.96,-77.13507271572485,81.09507271572484
904.9,766.1732846384816,138.72671536151836
8.56,-84.70313315127964,93.26313315127965
626.1,519.5910095503987,106.50899044960136
517.9,827.5188439590383,-309.6188439590384
5.56,-63.24532409411063,68.80532409411063
3.768,-54.82432761541577,58.59232761541577
39.879,226.13610251019804,-186.25710251019805
220.064,224.05814129976875,-3.9941412997687564
35.88,141.9017853128364,-106.02178531283641
88.02,77.18991087993913,10.830089120060862
25.128,23.978507223215956,1.1494927767840437
1399.98,2480.9691359982517,-1080.9891359982516
9.248,-83.79766807876149,93.0456680787615
5.388,45.27678206777932,-39.888782067779324
1363.96,1018.9058549859412,345.0541450140588
10.89,-109.38395040437035,120.27395040437035
88.776,72.84009180686667,15.93590819313333
6.286,248.85489478501313,-242.56889478501313
3.528,-124.438829844162,127.966829844162
72.704,87.78601382271381,-15.082013822713819
3930.072,4112.128711163508,-182.05671116350823
161.82,358.1318742092933,-196.3118742092933
933.262,660.8660554425192,272.3959445574808
344.22,482.80849349145865,-138.58849349145862
13.9,79.20647497316895,-65.30647497316895
204.95,230.16551963624488,-25.215519636244892
62.85,43.36490998029785,19.48509001970215
42.208,-7.007030294652623,49.21503029465262
51.756,48.36380213822872,3.3921978617712796
11.952,-29.257650181082454,41.20965018108245
3.564,34.15797556411712,-30.593975564117123
4355.168,4180.316909032481,174.85109096751876
718.116,515.8451858252665,202.27081417473346
1673.184,909.02985415161,764.1541458483899
589.41,470.0551518502291,119.35484814977087
29.22,-9.525488711626167,38.745488711626166
11.688,-15.062113088999013,26.750113088999015
67.04,87.39968631252077,-20.359686312520765
17.45,69.59151783260427,-52.141517832604265
196.776,197.77012454116607,-0.9941245411660589
11.34,-49.21630981612407,60.55630981612407
254.9745,259.0171323918944,-4.0426323918943865
18.84,-13.556074356866702,32.396074356866706
15.232,31.494595080459703,-16.262595080459704
395.0,347.37543687869515,47.624563121304845
4.928,43.64797293420543,-38.71997293420543
124.95,167.19695927885095,-42.24695927885095
159.98,208.23962925565638,-48.25962925565639
34.248,10.190937395591845,24.057062604408152
2.088,-125.30030189731815,127.38830189731814
110.96,107.70365621325095,3.256343786749042
2.934,49.2030402271771,-46.2690402271771
9.84,-26.44625521230205,36.28625521230205
52.56,31.91114531196763,20.648854688032372
271.764,394.987925482538,-123.223925482538
54.384,2.063480352515171,52.32051964748483
2.064,-129.18488057001264,131.24888057001263
27.18,-0.11295261655254762,27.292952616552547
384.768,542.6507037294854,-157.8827037294854
13.392,-48.20550436928124,61.59750436928124
222.384,294.9238256344406,-72.53982563444063
16.176,-11.753017277288563,27.929017277288562
523.92,435.77150850401904,88.14849149598092
18.75,75.52713835028021,-56.77713835028021
6.816,-4.402214015134177,11.218214015134176
51.465,131.41028618217706,-79.94528618217706
93.06,183.0554578585029,-89.9954578585029
45.528,11.416889284264926,34.11111071573507
59.98,20.206232569719987,39.77376743028001
184.752,190.93075449714684,-6.1787544971468265
2.628,-50.2649981839113,52.8929981839113
195.136,189.10754794280183,6.028452057198166
6.608,-95.75296973298737,102.36096973298737
12.672,249.06865411381818,-236.3966541138182
38.88,137.3883360923851,-98.5083360923851
19.83,-66.49272499117205,86.32272499117205
323.136,310.94571798447987,12.190282015520154
478.24,489.30835660528226,-11.068356605282247
27.24,85.10105745688793,-57.861057456887934
99.488,85.18083492111145,14.307165078888545
40.712,210.901316730477,-170.189316730477
681.408,663.4698952152444,17.938104784755637
431.16,400.62056074117754,30.539439258822483
887.271,956.6071924651244,-69.33619246512444
25.92,25.564225996861524,0.3557740031384782
47.992,6.302177941045329,41.68982205895467
341.96,512.6527497482282,-170.6927497482282
340.92,355.7110388836477,-14.791038883647673
239.97,260.2733631503918,-20.30336315039179
185.88,248.41608365793422,-62.53608365793423
9.87,-34.34363642556832,44.21363642556832
8.88,151.01025477882263,-142.13025477882263
32.4,88.1588896554324,-55.758889655432405
48.896,-0.30823686319308763,49.20423686319309
539.97,620.697515827304,-80.72751582730393
629.1,567.5455840670415,61.55441593295848
36.96,190.8367425236945,-153.8767425236945
114.2,161.98040283693967,-47.78040283693967
127.95,121.82359411539187,6.126405884608133
55.008,34.10014601472676,20.907853985273242
359.32,322.3085885006067,37.01141149939332
185.376,234.21100817128422,-48.835008171284215
24.56,-84.50582415175995,109.06582415175995
53.9,96.75085743109503,-42.85085743109503
198.272,321.2386237564199,-122.96662375641989
22.66,-48.43449091537991,71.09449091537991
28.4,97.17697608295634,-68.77697608295634
46.864,4.880466568065458,41.98353343193454
54.5,122.52686217025803,-68.02686217025803
67.176,50.41207296865855,16.763927031341453
89.97,60.93617508985744,29.033824910142556
344.91,354.2018073543388,-9.2918073543388
66.69,56.618395725633036,10.071604274366962
152.94,141.86335488642658,11.07664511357342
748.752,515.0711991541467,233.68080084585324
13.632,27.56450751925854,-13.932507519258541
46.344,25.818576884148342,20.52542311585166
11.36,-115.68396117098177,127.04396117098177
16.464,182.48850333187102,-166.02450333187102
742.336,574.3587066483418,167.9772933516582
113.79,98.67184213721907,15.118157862780933
20.544,125.41029653747978,-104.86629653747978
107.44,387.88552699986326,-280.44552699986326
2.672,-118.95200908757988,121.62400908757988
8.64,-26.022601042037195,34.662601042037195
87.8,97.41070368507894,-9.610703685078946
62.91,44.11084308643922,18.79915691356078
52.4,105.6789127792988,-53.2789127792988
883.92,640.0949100722687,243.82508992773126
6354.95,5478.2274336206265,876.7225663793733
43.7,92.56629595965228,-48.86629595965228
8.952,-30.447407196559652,39.39940719655965
13.98,-88.22094205957092,102.20094205957092
9.408,197.57013667452725,-188.16213667452726
7.96,-83.25700307944612,91.21700307944612
319.968,312.5193539034817,7.448646096518303
9.26,-71.548985512316,80.808985512316
6.24,-25.12722652671914,31.367226526719143
91.92,107.46621227979585,-15.546212279795853
26.88,148.37218924078138,-121.49218924078139
33.568,282.8410434369798,-249.27304343697983
479.97,582.8329084443711,-102.8629084443711
24.448,28.471017420868975,-4.023017420868975
68.46,205.88507962313474,-137.42507962313476
78.759,328.7686059787982,-250.00960597879816
334.768,381.6345428755203,-46.86654287552034
400.784,1219.3980826278168,-818.6140826278169
281.34,321.2669790677935,-39.926979067793525
239.976,247.8307002194158,-7.854700219415804
764.688,588.9776246559135,175.71037534408651
20.88,-60.60095376757977,81.48095376757976
18.528,-47.708217818631056,66.23621781863105
12.96,-75.50126521668108,88.46126521668108
19.92,89.54641963662652,-69.62641963662652
158.376,166.82434001937736,-8.448340019377355
228.92,231.9850773792823,-3.0650773792823145
3406.664,1725.20735225724,1681.4566477427602
45.98,2.006315991116935,43.97368400888306
20.736,29.111993791196255,-8.375993791196255
10.984,-33.35058928825538,44.33458928825538
23.68,-46.270646539907375,69.95064653990738
152.65,185.50232639852607,-32.85232639852606
450.04,699.0375964495629,-248.99759644956288
151.72,155.30132818910602,-3.581328189106017
251.52,282.92382426238146,-31.40382426238145
1919.976,2193.7900405697224,-273.81404056972224
33.568,-35.506804031584124,69.07480403158412
887.271,955.2026257905982,-67.93162579059822
4.752,-142.74853895174238,147.50053895174239
80.991,146.65940998819792,-65.66840998819792
20.23,192.22831557423683,-171.99831557423684
17.088,26.498039952833324,-9.410039952833323
72.294,128.71571293917282,-56.42171293917282
5.328,-47.03821444458231,52.36621444458231
1.869,-97.46907269322128,99.33807269322128
56.3,9.042189539579113,47.257810460420885
1117.92,986.022602458363,131.89739754163702
717.72,790.7118546324496,-72.99185463244953
104.9,156.36702412363593,-51.46702412363592
21.4,76.33318429912379,-54.93318429912379
16.784,-68.98333164828773,85.76733164828772
710.832,741.6955494060386,-30.8635494060386
99.68,154.80080666333743,-55.12080666333742
47.992,18.951746469688715,29.040253530311283
241.44,251.76419299552754,-10.32419299552754
30.87,196.84687299642064,-165.97687299642064
121.78,118.12616492824213,3.653835071757868
40.3,-15.86732231041674,56.167322310416736
7.184,-101.57253759113337,108.75653759113337
34.44,-2.5962218513093376,37.036221851309335
376.509,396.4171243232638,-19.90812432326379
69.9,20.201142332561858,49.69885766743815
77.952,64.8750087085516,13.076991291448394
11.376,11.5151282788338,-0.13912827883379997
419.9,414.8591641664675,5.040835833532469
16.56,2.1610280845668512,14.398971915433147
3.38,-133.51221909336005,136.89221909336004
249.75,388.5206978802678,-138.7706978802678
40.05,11.915693506132584,28.134306493867413
557.728,491.24462360350446,66.48337639649549
1004.024,629.6568001412211,374.3671998587789
1454.49,953.2889632621965,501.2010367378035
24.32,230.93728684706525,-206.61728684706526
18.9,-24.17878402181259,43.07878402181259
88.776,68.1076746177439,20.6683253822561
1044.63,685.5515979895634,359.07840201043666
18.688,-102.31765660317933,121.00565660317933
32.368,190.29124575438755,-157.92324575438755
328.59,312.0702639480817,16.5197360519183
307.92,275.1983079302886,32.72169206971142
343.2,1030.221765177209,-687.0217651772089
72.744,223.39598931431806,-150.65198931431806
9.64,-91.5733218647922,101.2133218647922
24.2,73.13363177440738,-48.933631774407374
32.088,196.6933686231191,-164.60536862311912
338.04,348.0370370400151,-9.997037040015073
25.02,-6.8497566594289765,31.869756659428976
60.35,121.01663079471814,-60.66663079471814
1606.23,1047.629639624722,558.6003603752781
82.656,325.67219612411077,-243.01619612411076
135.95,332.31723612364294,-196.36723612364295
14.82,-23.996805940851573,38.81680594085157
73.2,123.16082050916862,-49.96082050916861
11.672,-96.27417345263916,107.94617345263916
398.352,446.47732524796834,-48.12532524796836
269.982,291.23559296419285,-21.25359296419282
842.352,932.5827502883942,-90.23075028839423
142.182,348.97159771040106,-206.78959771040107
6.12,-37.93480486160138,44.054804861601376
54.816,20.96563105556538,33.85036894443462
98.16,174.19016924322432,-76.03016924322432
4912.59,5543.965196419469,-631.3751964194689
18.24,-7.994267799615045,26.234267799615044
371.97,401.5636222429862,-29.593622242986157
13.904,-50.49019844382087,64.39419844382087
55.104,166.65839077231954,-111.55439077231954
629.184,569.6567822711634,59.527217728836604
55.168,80.86412542413359,-25.69612542413359
55.48,38.04255544951138,17.437444550488614
23.832,10.174646211104118,13.657353788895882
300.904,876.0429116948264,-575.1389116948264
3.168,56.153102273724244,-52.985102273724245
123.92,142.0025385825486,-18.082538582548594
7.23,112.1769260908327,-104.94692609083269
9.24,-33.59059365324265,42.83059365324265
6.99,-22.26098670930105,29.250986709301053
52.096,57.275247735978155,-5.179247735978159
11.76,33.01880394457021,-21.25880394457021
3.984,-114.60229920940037,118.58629920940037
13.92,-28.42842182219465,42.34842182219465
14.576,-59.32900853057845,73.90500853057844
68.541,414.54549634803834,-346.00449634803834
449.97,538.51811789344,-88.54811789344001
155.372,190.1642514536402,-34.792251453640176
30.93,-45.1447422142453,76.0747422142453
125.93,247.4539025520728,-121.5239025520728
47.808,455.6440289418024,-407.8360289418024
195.64,185.807425160639,9.832574839360973
9.99,-108.9564082031593,118.9464082031593
14.9,99.04684046370653,-84.14684046370652
303.25,302.03881798649286,1.2111820135071412
6.048,210.03563322813943,-203.98763322813943
35.88,145.2114537678185,-109.33145376781852
32.232,13.634400361926055,18.597599638073945
582.336,465.0058798340767,117.33012016592329
18.288,134.70802643913362,-116.42002643913362
19.52,-42.39343320628268,61.913433206282676
69.99,97.75736180996114,-27.767361809961145
103.12,285.6209980364574,-182.50099803645742
1.98,-80.99274089670143,82.97274089670144
21.312,113.0932662356563,-91.7812662356563
17.48,-63.437637434650014,80.91763743465002
318.43,282.0505137034861,36.3794862965139
251.964,274.1968506568519,-22.232850656851895
26.16,13.578004252679193,12.581995747320807
6.368,-49.224979716239204,55.592979716239206
306.9,336.247017838444,-29.347017838444003
146.82,145.86695586068276,0.9530441393172282
15.712,28.54813411229975,-12.83613411229975
281.372,394.407697413988,-113.03569741398798
40.99,-3.816479547165045,44.80647954716505
10.48,-93.39376621966039,103.8737662196604
47.984,-17.816962655422685,65.8009626554227
12.96,-69.40447308258172,82.36447308258172
36.744,22.351957011233253,14.392042988766747
1295.78,2198.507674998951,-902.7276749989512
87.71,229.2571280836214,-141.54712808362143
38.04,-29.003086377576665,67.04308637757666
24.9,82.24953962885684,-57.34953962885684
40.48,-15.87032757972679,56.35032757972679
191.6,199.73758957640916,-8.13758957640917
17.48,42.35692408710656,-24.876924087106563
97.184,81.34454690036773,15.839453099632266
29.24,84.03742701489546,-54.79742701489546
4663.736,2059.5691651531474,2604.1668348468525
12.294,-62.4227327207293,74.7167327207293
3.15,-131.32587941440283,134.47587941440284
818.376,908.2254083575382,-89.84940835753821
5.904,-83.44132973893556,89.34532973893556
11.52,106.59531830261108,-95.07531830261108
293.52,322.24858770614674,-28.728587706146754
91.6,150.03407043545462,-58.43407043545463
14.94,-62.28590808595982,77.22590808595982
23.88,-8.321668871954671,32.201668871954666
40.968,23.30628219798541,17.661717802014593
29.403,-5.633403722743651,35.03640372274365
8.134,247.97701872971288,-239.84301872971287
23.968,191.08512174599696,-167.11712174599697
15.712,25.22178595907053,-9.50978595907053
99.98,74.41491911910384,25.56508088089616
487.92,442.4058079494896,45.51419205051042
227.136,223.67159436874113,3.4644056312588702
222.352,577.3165512626401,-354.96455126264016
40.67,205.6462545175275,-164.97625451752748
9.584,-112.47218305849742,122.05618305849742
29.718,176.48897977710726,-146.77097977710727
841.568,1420.3070292005843,-578.7390292005844
29.61,287.8841866162488,-258.2741866162488
75.792,61.36907551844183,14.42292448155817
45.36,197.13878347868967,-151.77878347868966
27.42,-1.5235086555690032,28.943508655569005
4.338,9.485244931836178,-5.147244931836178
12.07,-98.23815369180193,110.30815369180192
102.93,90.76186290000965,12.16813709999036
9.588,-43.33559594783719,52.92359594783719
20.72,-51.536943498979326,72.25694349897933
653.55,753.3223024326703,-99.77230243267036
9.99,-109.96958246514941,119.95958246514941
5.04,-78.94624135973118,83.98624135973118
14.376,-12.589394214393224,26.96539421439322
11.648,-62.440124551370445,74.08812455137044
107.97,92.95018688843948,15.019813111560524
264.32,371.2272699499583,-106.90726994995833
272.94,285.6436933891614,-12.703693389161401
14.56,-71.00940726848376,85.56940726848376
10.8,76.03388148656859,-65.23388148656859
239.976,253.3520166908295,-13.376016690829488
24.18,-45.32115929980273,69.50115929980274
29.52,25.679564956497188,3.8404350435028114
9099.93,5405.975449634636,3693.9545503653644
377.928,457.22507050244735,-79.29707050244735
19.44,-19.88816712067569,39.32816712067569
5.34,-76.10124475077146,81.44124475077146
101.994,96.28841673014836,5.705583269851644
17.12,84.67628139356293,-67.55628139356293
26.16,-7.840966949699123,34.00096694969912
2.688,93.07225563631346,-90.38425563631345
105.584,103.3790294544699,2.2049705455301023
47.3,-6.129295717435525,53.42929571743552
17.94,-9.257165674075168,27.19716567407517
1592.85,1069.002617191022,523.847382808978
34.272,6.631853023237909,27.64014697676209
56.07,200.66891968763684,-144.59891968763685
264.32,375.3168964091417,-110.9968964091417
64.944,53.64403413364971,11.299965866350291
62.18,74.62818624689885,-12.44818624689885
38.08,131.38110345879886,-93.30110345879886
17.22,-13.79941488766167,31.019414887661668
63.824,9.551332397285705,54.27266760271429
51.94,47.32435624043069,4.615643759569309
12.448,-54.09442138338841,66.54242138338842
772.47,885.5177176641902,-113.04771766419015
271.44,302.5055859346969,-31.065585934696912
34.02,7.872953193194917,26.147046806805086
24.896,12.408513979207555,12.487486020792446
13.44,-33.37265370179739,46.81265370179739
24.75,96.08554350586701,-71.33554350586701
21.4,78.58833912986165,-57.18833912986165
66.688,92.9559759502124,-26.267975950212403
99.846,329.3903247368419,-229.54432473684187
159.84,397.56198110897094,-237.72198110897094
7.3,-81.82181964649794,89.12181964649794
90.06,180.8049956999714,-90.74499569997141
45.04,0.4097722203155172,44.63022777968448
8.544,-75.42311540454989,83.96711540454989
2625.12,1603.3971301122863,1021.7228698877136
12.96,-64.39648946973944,77.35648946973944
71.6,273.6830918230371,-202.0830918230371
270.34,627.6382854728964,-357.29828547289645
10.784,-100.89466715227218,111.67866715227218
25.5,-4.171471501919768,29.67147150191977
110.352,95.63433503318834,14.717664966811668
148.48,177.01143412732017,-28.531434127320182
191.646,199.45259353436404,-7.806593534364055
436.704,355.81438783867225,80.88961216132776
9.94,-70.63509969710731,80.5750996971073
13.9,74.26612245730257,-60.36612245730257
17.48,-64.50041552586708,81.98041552586709
1040.8,877.120069886399,163.6799301136009
24.368,-28.49953297505067,52.867532975050665
5.64,-45.560177952368576,51.20017795236858
201.584,260.89850793745336,-59.31450793745336
32.36,35.755115557411955,-3.3951155574119554
203.92,220.41157479863182,-16.49157479863183
686.32,1146.6484716100883,-460.3284716100883
723.92,545.3559311438366,178.56406885616332
16.704,151.7819542466625,-135.0779542466625
23.56,81.58505613853049,-58.02505613853049
18.84,-21.216432707315562,40.056432707315565
9.78,-153.1266641554023,162.9066641554023
480.74,731.2461559992029,-250.50615599920286
34.176,93.14440433514119,-58.96840433514119
186.54,198.28539240838836,-11.74539240838837
966.7,732.2460489702754,234.45395102972464
445.44,394.84028875216745,50.599711247832545
4.086,-50.34128966546882,54.42728966546882
104.28,90.14761571054055,14.132384289459452
18.24,-14.495341812947345,32.73534181294734
175.92,205.33824479779128,-29.41824479779129
15.28,-68.40765601163639,83.68765601163639
61.96,95.95109404904883,-33.99109404904883
62.048,29.69689288562381,32.35110711437619
1801.632,1029.512627925896,772.1193720741041
19.36,-60.856360197587264,80.21636019758726
265.17,772.4619497390121,-507.29194973901207
27.72,279.86855366747795,-252.14855366747796
236.88,290.13813732629546,-53.25813732629547
15.47,174.76224600091155,-159.29224600091155
122.352,110.15458869536178,12.197411304638223
22.72,37.44320805196048,-14.723208051960484
197.97,207.03871407160818,-9.068714071608184
31.84,240.77461923638657,-208.93461923638657
6.9,-102.50310348160792,109.40310348160793
14.76,-57.45995877822679,72.2199587782268
34.8,17.039145877876308,17.76085412212369
845.728,745.9529594920069,99.77504050799303
27.216,0.8737202473382695,26.34227975266173
10.368,-67.17394498960948,77.54194498960948
116.784,113.5897308205333,3.1942691794667013
19.776,64.22350065625619,-44.447500656256196
3.798,31.536786794961017,-27.738786794961015
302.376,325.00761847504054,-22.63161847504057
19.98,-84.79199551279362,104.77199551279362
7.61,-121.55927719990791,129.16927719990792
325.632,319.1783395523505,6.453660447649497
50.04,148.6649027449614,-98.62490274496142
102.368,97.11221699496332,5.255783005036676
659.97,782.120194895439,-122.15019489543897
20.736,43.68897561392964,-22.95297561392964
23.616,234.7384890597441,-211.1224890597441
36.4,96.28651341217915,-59.88651341217915
49.76,74.21628204660306,-24.456282046603057
2715.93,1946.167298824746,769.7627011752538
74.76,49.69663876393179,25.063361236068218
542.646,607.6110151945094,-64.96501519450942
28.752,-27.1671967058287,55.919196705828696
479.984,748.9505886902417,-268.96658869024174
104.784,223.38496357748727,-118.60096357748726
192.72,460.2696338610526,-267.5496338610526
63.98,215.71392958395927,-151.73392958395928
218.352,207.4601635676172,10.891836432382803
2.48,-138.66906040266076,141.14906040266075
17.61,-17.846050449407812,35.45605044940781
185.376,227.92243428026927,-42.54643428026927
16.34,-62.76672443683333,79.10672443683333
629.95,552.2055369625322,77.74446303746788
3.762,9.764016945391859,-6.002016945391858
457.568,713.1067827490689,-255.5387827490689
176.772,114.13727212574395,62.63472787425604
35.04,-14.466821744224944,49.50682174422494
31.05,11.464645695018362,19.58535430498164
7.16,-84.66882519121191,91.8288251912119
1090.782,618.602186641244,472.17981335875595
14.94,-23.318751335033767,38.258751335033764
31.96,-35.48364639803799,67.443646398038
131.136,137.37250807300188,-6.236508073001886
264.18,328.0901858922,-63.91018589219999
34.384,-18.696172896486587,53.08017289648659
44.46,-18.23260180145121,62.69260180145121
50.12,49.23515826852736,0.8848417314726404
44.67,3.746531537354258,40.923468462645744
177.2,205.9852358487767,-28.785235848776722
3.36,-84.75316725637617,88.11316725637617
75.84,45.60790558749886,30.23209441250114
1704.56,1123.2122262218634,581.3477737781366
71.88,40.17172595316583,31.708274046834163
299.97,323.71267440897554,-23.742674408975518
30.0,-36.01946792116041,66.01946792116041
46.2,102.0189376679266,-55.81893766792659
46.672,-14.457936368976107,61.129936368976104
21.392,37.85417283397419,-16.46217283397419
8.96,-82.08106376924002,91.04106376924003
87.92,97.0806054162149,-9.160605416214892
7.312,-63.3923326070269,70.7043326070269
87.4,135.46837280131058,-48.06837280131057
12.39,-20.144049801021993,32.53404980102199
11.07,-36.99530070488322,48.06530070488322
37.392,14.29444132865865,23.097558671341353
13.9,79.22432884223531,-65.3243288422353
114.2,166.8290262145897,-52.6290262145897
833.94,673.3764973731116,160.5635026268884
438.368,402.9423798335422,35.425620166457804
9.324,238.16280176825376,-228.83880176825375
95.984,67.44002659310104,28.543973406898957
27.96,89.71371743210898,-61.75371743210898
158.28,227.81194279258193,-69.53194279258193
37.056,3.7155852094592774,33.34041479054072
14.4,72.1839650772331,-57.7839650772331
52.68,34.986297673647414,17.693702326352586
312.552,425.97251535955183,-113.42051535955181
40.48,-10.850054975229796,51.33005497522979
143.7,135.44989176699278,8.25010823300721
32.4,94.03638672851207,-61.63638672851207
19.68,130.66178175634968,-110.98178175634968
24.672,-50.95823115986968,75.63023115986968
5.984,-87.63849601452466,93.62249601452466
68.472,48.655936096028654,19.81606390397134
79.92,360.31027109135516,-280.39027109135515
31.12,20.57272692036031,10.547273079639691
333.576,348.0454470759255,-14.469447075925473
319.76,663.3692709278312,-343.6092709278312
40.0,-5.455163570760078,45.45516357076008
42.76,-11.648498576461861,54.40849857646186
166.72,216.20201240005213,-49.48201240005213
31.44,-2.272245914007044,33.71224591400704
31.4,85.37981915565592,-53.979819155655925
16.4,68.00330685507811,-51.60330685507811
371.976,422.4498181220524,-50.47381812205242
715.64,1182.8112592900143,-467.1712592900143
20.8,-53.710950980170765,74.51095098017076
231.72,302.4619291350043,-70.74192913500431
454.272,405.2641113462348,49.00788865376518
8.64,-29.21612877880466,37.85612877880466
11.52,17.581268838942833,-6.0612688389428335
11.568,-22.40187256672266,33.96987256672266
101.96,90.49064015657814,11.469359843421856
2453.43,1605.9767952548023,847.4532047451976
254.744,244.11537515081022,10.628624849189777
19.6,93.61564745134251,-74.01564745134252
14.352,-29.93951223150316,44.29151223150316
493.92,423.48849593176897,70.43150406823105
7.312,-118.3906647341953,125.7026647341953
200.984,289.97403170805205,-88.99003170805204
3.44,-70.7944185224967,74.2344185224967
180.96,199.34054691055985,-18.380546910559843
206.1,233.63975902879906,-27.539759028799068
274.89,485.65311934141266,-210.76311934141268
38.88,141.03394061437575,-102.15394061437576
579.95,527.7103298869348,52.239670113065245
7.68,138.69773338440382,-131.0177333844038
99.98,99.03839124386923,0.9416087561307762
9.096,-100.29712100651204,109.39312100651205
143.73,348.61749268429185,-204.88749268429186
15.552,-17.323787980943052,32.87578798094305
107.44,283.7996820862654,-176.35968208626542
81.08,86.31693390496753,-5.236933904967529
11.67,-17.764982746007718,29.43498274600772
84.98,165.6711874825687,-80.69118748256871
195.136,199.49200745794678,-4.356007457946788
8.92,29.13161690273614,-20.21161690273614
284.364,387.16065608554754,-102.79665608554757
13.36,79.68200800672662,-66.32200800672662
46.2,70.43863181835127,-24.238631818351266
5.68,-77.47028754528014,83.15028754528015
23.68,52.19708967144197,-28.517089671441973
1.234,-55.24110222358445,56.47510222358445
89.97,60.72897596417556,29.241024035824438
113.328,344.7437887543192,-231.4157887543192
158.376,149.05038016716412,9.325619832835883
56.82,34.195559984998,22.624440015002
18.54,-55.227868247194465,73.76786824719446
29.6,35.28188796082782,-5.681887960827815
6.36,-50.20408900589291,56.56408900589291
17.12,-71.44787295040419,88.5678729504042
586.398,476.7888672580723,109.60913274192774
824.95,713.2645904022295,111.68540959777056
11.424,-103.00518240039764,114.42918240039765
10.86,-79.48756172287108,90.34756172287108
43.176,210.95250065099935,-167.77650065099937
18.368,-65.0064728325849,83.3744728325849
112.776,104.01803722959107,8.757962770408923
49.98,4.099010749765057,45.88098925023494
152.94,152.23930803963594,0.700691960364054
181.35,363.4927238714404,-182.14272387144038
755.96,720.2961930080575,35.66380699194258
21.8,-44.991251005231106,66.7912510052311
629.95,550.4091324342945,79.54086756570553
175.23,451.1959059669564,-275.96590596695637
58.2,32.776957594825035,25.423042405174968
103.481,228.14444096269358,-124.66344096269358
435.84,593.3834861401778,-157.54348614017778
110.4,104.28202322069615,6.117976779303859
24.96,-2.403242962087461,27.36324296208746
151.192,386.4392286697341,-235.2472286697341
657.93,506.8500711525119,151.07992884748808
190.848,198.35979733402996,-7.51179733402995
41.568,67.02708910205502,-25.459089102055017
314.532,430.9222467765519,-116.39024677655192
40.68,-7.4953540768178755,48.175354076817875
53.316,28.705566088964815,24.610433911035187
9.82,-85.52789074216867,95.34789074216866
569.536,521.6124064239475,47.92359357605244
1421.664,598.9242635780249,822.7397364219751
3.168,46.05407751890584,-42.88607751890584
199.98,271.34948322834157,-71.36948322834158
15.48,-19.57815943652622,35.058159436526225
57.594,63.405072712957235,-5.811072712957234
627.168,564.0331462252109,63.13485377478912
11.232,-25.480733059620434,36.71273305962043
51.968,2.297144768723456,49.67085523127655
4416.174,1723.3642579806633,2692.8097420193367
163.88,168.13375287628173,-4.253752876281737
129.45,167.92735165760269,-38.477351657602696
10.272,-22.092704864626057,32.364704864626056
20.736,28.53084998162649,-7.794849981626488
207.0,204.21766520350639,2.7823347964936147
14.94,-19.066409988235137,34.006409988235134
44.82,295.199554391899,-250.37955439189903
296.37,329.9815132536339,-33.611513253633916
13.36,-81.02113364640809,94.38113364640809
821.88,667.9796680794458,153.9003319205542
7.77,-112.83940592290901,120.609405922909
34.86,197.93968823411296,-163.07968823411295
55.44,415.782942588276,-360.342942588276
47.584,2.4144443681866505,45.16955563181335
162.64,203.91182894109647,-41.27182894109649
371.97,403.8912637855417,-31.92126378554167
273.552,279.1693918540484,-5.617391854048378
102.336,270.1411257600221,-167.80512576002207
43.68,142.67064442028686,-98.99064442028686
10.65,-31.285054463665574,41.93505446366557
231.98,322.1057902823329,-90.12579028233293
25.92,38.563182837049,-12.643182837048997
225.296,304.0145175529733,-78.71851755297331
14.91,-27.40740209722003,42.317402097220025
83.56,108.2543527913574,-24.694352791357403
239.456,302.15707332392276,-62.70107332392277
46.864,8.574085116490323,38.289914883509674
1.964,-19.569445048766966,21.533445048766964
19.824,115.51840365244561,-95.69440365244562
47.9,8.291791538912321,39.60820846108768
47.18,202.5175041594748,-155.3375041594748
5.184,-119.04938506309418,124.23338506309418
4.158,213.21327309163416,-209.05527309163418
11.12,13.202483738149567,-2.082483738149568
116.82,102.98771387791908,13.832286122080916
2807.84,1652.1550552992223,1155.6849447007778
5.18,145.33185796287353,-140.15185796287352
333.09,355.10482480771725,-22.014824807717275
50.352,29.272083152992536,21.07991684700746
9.12,-33.46204354968677,42.582043549686766
170.072,161.17306254343475,8.89893745656525
27.92,31.138353492726083,-3.218353492726081
14.976,128.8045190720452,-113.8285190720452
837.6,936.7751532673254,-99.17515326732541
35.216,-20.740897539074467,55.95689753907447
962.08,890.9380049009832,71.14199509901687
911.984,1501.1058464375694,-589.1218464375694
16.74,-51.44065919173045,68.18065919173044
422.058,448.83144413065156,-26.77344413065157
17.12,49.28486372677071,-32.164863726770704
302.67,339.9407837875742,-37.2707837875742
79.984,56.14650340715457,23.837496592845426
3.912,-120.54230051313539,124.4543005131354
113.82,103.85641645627697,9.963583543723018
7.8,-32.74234172969159,40.542341729691586
290.336,401.29828910183096,-110.96228910183095
22.58,-54.92572661318877,77.50572661318877
51.75,99.67032532745634,-47.92032532745634
377.97,423.4440884453852,-45.47408844538518
386.68,566.9241391672471,-180.24413916724706
236.5,432.31858554793666,-195.81858554793666
85.96,229.05098907383922,-143.09098907383924
431.928,469.5703402590955,-37.64234025909548
199.95,217.4559987977018,-17.505998797701807
50.4,252.03486208030313,-201.63486208030312
38.28,141.1959000932677,-102.91590009326771
247.716,254.93241244145156,-7.216412441451553
427.42,702.0610451548001,-274.6410451548001
19.968,-33.10806154519196,53.07606154519196
4.624,-123.50481885853833,128.12881885853832
39.88,-13.78514897468267,53.66514897468267
42.784,193.81281678622668,-151.02881678622668
29.22,-13.559955677725611,42.77995567772561
49.792,260.8256955549157,-211.03369555491568
159.768,275.51941952628,-115.75141952627999
192.16,206.83244650186498,-14.672446501864982
1537.074,866.3603006459514,670.7136993540487
3.64,-80.28416174835206,83.92416174835206
467.04,440.7534690903751,26.2865309096249
459.92,435.4550140533836,24.464985946616423
15.7,66.74636225764857,-51.04636225764857
63.882,72.49708438740913,-8.615084387409134
11.96,-74.78249358031235,86.74249358031236
542.94,631.1690796033928,-88.22907960339273
15.54,-24.260090853026895,39.800090853026894
54.32,67.39655091796976,-13.076550917969762
43.188,77.85674659361416,-34.66874659361416
19.98,-78.71535498853882,98.69535498853882
21.48,134.14566057553384,-112.66566057553383
492.835,418.2070615891755,74.62793841082447
181.47,145.82820164427517,35.64179835572483
3.424,-122.2906954221387,125.7146954221387
4.24,139.9554587321702,-135.7154587321702
8.85,142.4612781476951,-133.61127814769512
60.144,170.81636078873726,-110.67236078873725
69.52,44.13454994974154,25.385450050258456
160.98,425.5666620090383,-264.58666200903826
9.728,-77.30225018769943,87.03025018769942
119.616,285.7291611628423,-166.1131611628423
6.928,-43.74316436184017,50.67116436184017
23.344,-41.394917644789984,64.73891764478998
13.128,-17.36702218986443,30.49502218986443
9.664,-66.27796444067735,75.94196444067735
14.952,-30.3544644634851,45.3064644634851
241.96,335.8372608430984,-93.87726084309841
1379.92,1037.5359920244946,342.3840079755055
159.8,162.45957889525835,-2.659578895258335
79.92,134.41474387820813,-54.494743878208126
34.36,-25.768636153217585,60.128636153217585
19.936,29.178913946931743,-9.242913946931743
106.08,197.08482537275927,-91.00482537275927
10.688,-73.98900140638011,84.67700140638011
20.46,-58.73624525390096,79.19624525390097
6.12,-49.952398253419005,56.072398253419
4.554,3.876022503486638,0.6779774965133623
48.4,105.79991772125527,-57.39991772125527
153.552,160.0604468077263,-6.508446807726301
37.94,-19.9502440531694,57.8902440531694
34.24,42.6616257251394,-8.4216257251394
319.96,329.80789436913824,-9.84789436913826
35.92,51.65857977081873,-15.738579770818731
12.42,-13.020729606387249,25.44072960638725
15.224,31.713573717662257,-16.489573717662257
164.688,229.0149689607606,-64.32696896076061
45.584,201.64778046278298,-156.06378046278297
31.56,-6.218606404889897,37.7786064048899
6.192,-14.63969923038826,20.83169923038826
36.0,-26.326431184148532,62.32643118414853
10.16,-106.53206254498718,116.69206254498718
71.96,45.67028416149083,26.289715838509167
139.04,138.26171448934588,0.7782855106541149
62.808,54.160104555909584,8.647895444090416
67.8,341.995718480955,-274.195718480955
131.6,244.66357581071475,-113.06357581071475
159.56,191.7024297929272,-32.1424297929272
84.95,141.2046583397714,-56.25465833977141
21.864,-8.50007475557004,30.36407475557004
41.22,-6.15770805171087,47.37770805171087
32.4,87.61215710585111,-55.21215710585111
87.6,133.04139528132646,-45.441395281326464
1951.84,1262.8390333789698,689.0009666210301
37.056,60.11226790241221,-23.056267902412216
34.44,9.547750409275295,24.892249590724703
8.288,-79.60513471820536,87.89313471820536
62.28,85.07201208636343,-22.792012086363428
36.792,-18.79800684111524,55.59000684111524
186.048,193.9005164566761,-7.852516456676085
104.85,215.27535556413,-110.42535556413
339.136,312.58199940969257,26.554000590307453
704.25,582.866271066978,121.38372893302198
34.944,142.67543440813733,-107.73143440813733
6.48,-116.98664202506211,123.46664202506211
167.96,226.93218370714476,-58.97218370714475
479.984,758.1068610530021,-278.12286105300217
1119.984,1927.5171863606927,-807.5331863606928
1395.54,938.9082210915668,456.63177890843315
102.438,227.25992864082627,-124.82192864082627
128.85,117.39031875482374,11.459681245176256
342.37,375.8697038108012,-33.49970381080118
15.008,-51.142717096312936,66.15071709631293
242.352,263.25032590826777,-20.898325908267765
2.469,-80.003394298177,82.472394298177
27.52,44.58583961906834,-17.06583961906834
393.25,385.18303246111736,8.066967538882636
20.736,41.54776852970758,-20.81176852970758
8.72,76.33173217763374,-67.61173217763374
20.88,232.0673392472204,-211.1873392472204
879.984,1496.931778525584,-616.9477785255839
9.96,-81.09485686854737,91.05485686854738
79.1,57.435964560994535,21.66403543900546
80.96,99.08772169565259,-18.127721695652596
21.594,-22.59495055823004,44.18895055823004
55.5,22.04231759843583,33.45768240156417
12.222,243.51216756109648,-231.29016756109647
121.792,126.30261779705643,-4.510617797056426
19.44,-14.569429901363947,34.009429901363944
12.624,-93.54311501826783,106.16711501826782
12.588,42.90282338451152,-30.31482338451152
1000.02,771.8028944496025,228.2171055503975
9.96,-67.85283450518773,77.81283450518774
30.345,228.72638306088265,-198.38138306088265
979.95,818.4580186200174,161.4919813799827
21.456,247.33851361430948,-225.8825136143095
1123.128,735.2548862169714,387.87311378302854
344.372,296.4646453101966,47.90735468980341
9.82,-82.28267825920261,92.1026782592026
111.96,153.71504995441956,-41.75504995441956
180.96,235.75199100848567,-54.79199100848567
675.06,749.8280755481709,-74.76807554817094
12.6,-58.68082365999339,71.28082365999339
348.208,357.64204477502835,-9.434044775028326
98.21,230.91499952426034,-132.70499952426036
46.35,106.28810529929115,-59.938105299291145
2.78,-134.71658270849866,137.49658270849866
16.68,-7.8550834637383105,24.53508346373831
479.988,756.6924943289787,-276.7044943289787
352.45,268.7330133589028,83.71698664109721
